--Empregados
INSERT INTO EMPREGADO VALUES('210501','Luigi Campos','2016-8-27',NULL,1876);
INSERT INTO EMPREGADO VALUES('210502','Marcela Ferreira','2000-9-5',NULL,1762);
INSERT INTO EMPREGADO VALUES('210503','Joana Nascimento','2015-9-4',NULL,1868);
INSERT INTO EMPREGADO VALUES('210504','Nicole Martins','2017-8-20',NULL,1597);
INSERT INTO EMPREGADO VALUES('210505','Pedro Lucas Carvalho','2002-8-28',NULL,1519);
INSERT INTO EMPREGADO VALUES('210506','Eduardo Cavalcanti','2008-12-8',NULL,1892);
INSERT INTO EMPREGADO VALUES('210507','Manuela Melo','2002-11-11',NULL,1939);
INSERT INTO EMPREGADO VALUES('210508','Luana Silva','2019-1-20',NULL,2012);
INSERT INTO EMPREGADO VALUES('210509','Paulo Ribeiro','2017-9-19',NULL,2220);
INSERT INTO EMPREGADO VALUES('210510','Bianca Lopes','2009-7-2',NULL,2126);
INSERT INTO EMPREGADO VALUES('210511','Caio Nunes','2004-9-23',NULL,1591);
INSERT INTO EMPREGADO VALUES('210512','Marina Gomes','2015-11-15',NULL,2208);
INSERT INTO EMPREGADO VALUES('210513','Rafaela Moraes','2008-1-16',NULL,1861);
INSERT INTO EMPREGADO VALUES('210514','Srta. Yasmin Costela','2007-3-6',NULL,1689);
INSERT INTO EMPREGADO VALUES('210515','Davi Lucas Gomes','2018-7-25',NULL,2492);
INSERT INTO EMPREGADO VALUES('210516','Joaquim Carvalho','2008-12-18',NULL,1987);
INSERT INTO EMPREGADO VALUES('210517','Dra. Bianca Viana','2003-12-22',NULL,1699);
INSERT INTO EMPREGADO VALUES('210518','Matheus Barros','2017-12-26',NULL,1574);
INSERT INTO EMPREGADO VALUES('210519','Luiz Henrique Ferreira','2007-9-14',NULL,1830);
INSERT INTO EMPREGADO VALUES('210520','Mariane da Costa','2003-3-22',NULL,1577);
INSERT INTO EMPREGADO VALUES('210521','Bryan da Rocha','2011-2-23',NULL,2408);
INSERT INTO EMPREGADO VALUES('210522','Gabriela Costela','2007-9-12',NULL,2170);
INSERT INTO EMPREGADO VALUES('210523','Bianca Alves','2005-4-5',NULL,2239);
INSERT INTO EMPREGADO VALUES('210524','Bruna Martins','2013-6-5',NULL,2458);
INSERT INTO EMPREGADO VALUES('210525','Elisa Costa','2000-10-25',NULL,2169);
INSERT INTO EMPREGADO VALUES('210526','Eloah Vieira','2008-11-18',NULL,1972);
INSERT INTO EMPREGADO VALUES('210527','Alana Pereira','2002-8-11',NULL,1922);
INSERT INTO EMPREGADO VALUES('210528','Fernando da Costa','2009-8-19',NULL,2485);
INSERT INTO EMPREGADO VALUES('210529','Isadora Silva','2015-12-8',NULL,1720);
INSERT INTO EMPREGADO VALUES('210530','Antônio da Costa','2016-12-15',NULL,1528);
INSERT INTO EMPREGADO VALUES('210531','Clara Sales','2010-6-10',NULL,2195);
INSERT INTO EMPREGADO VALUES('210532','Kamilly da Cunha','2001-1-25',NULL,2049);
INSERT INTO EMPREGADO VALUES('210533','Enzo Gabriel Costa','2014-12-9',NULL,1695);
INSERT INTO EMPREGADO VALUES('210534','Samuel Martins','2007-5-3',NULL,1569);
INSERT INTO EMPREGADO VALUES('210535','Ana Carolina Almeida','2017-9-14',NULL,2119);
INSERT INTO EMPREGADO VALUES('210536','Augusto Nascimento','2019-3-28',NULL,2317);
INSERT INTO EMPREGADO VALUES('210537','Dr. Isaac Alves','2010-8-18',NULL,2085);
INSERT INTO EMPREGADO VALUES('210538','Joaquim da Mota','2013-3-23',NULL,1645);
INSERT INTO EMPREGADO VALUES('210539','Isadora Moreira','2017-6-20',NULL,2328);
INSERT INTO EMPREGADO VALUES('210540','Lara Campos','2018-8-3',NULL,2249);
INSERT INTO EMPREGADO VALUES('210541','Raul Lima','2012-6-19',NULL,2244);
INSERT INTO EMPREGADO VALUES('210542','Sarah Costa','2002-10-13',NULL,2417);
INSERT INTO EMPREGADO VALUES('210543','Maria Fernanda Caldeira','2002-12-17',NULL,1777);
INSERT INTO EMPREGADO VALUES('210544','Rafaela Lopes','2014-11-10',NULL,2271);
INSERT INTO EMPREGADO VALUES('210545','Gustavo Henrique Silveira','2003-2-8',NULL,1599);
INSERT INTO EMPREGADO VALUES('210546','Benjamin Caldeira','2005-11-1',NULL,2189);
INSERT INTO EMPREGADO VALUES('210547','Theo Moreira','2018-4-4',NULL,1980);
INSERT INTO EMPREGADO VALUES('210548','Benício Ramos','2012-7-21',NULL,2421);
INSERT INTO EMPREGADO VALUES('210549','Emilly Cunha','2010-6-28',NULL,1796);
INSERT INTO EMPREGADO VALUES('210550','Maria Cecília Carvalho','2008-10-9',NULL,2215);
INSERT INTO EMPREGADO VALUES('210551','Kaique Azevedo','2007-1-26',NULL,1729);
INSERT INTO EMPREGADO VALUES('210552','Thomas das Neves','2000-7-18',NULL,2015);
INSERT INTO EMPREGADO VALUES('210553','Emanuelly Aragão','2014-12-8',NULL,1946);
INSERT INTO EMPREGADO VALUES('210554','Henrique Farias','2014-6-26',NULL,1596);
INSERT INTO EMPREGADO VALUES('210555','João Teixeira','2010-10-27',NULL,1656);
INSERT INTO EMPREGADO VALUES('210556','Murilo Costa','2004-11-23',NULL,1827);
INSERT INTO EMPREGADO VALUES('210557','Dra. Ana Carolina da Mata','2007-5-23',NULL,1691);
INSERT INTO EMPREGADO VALUES('210558','Pietra Araújo','2007-6-1',NULL,2136);
INSERT INTO EMPREGADO VALUES('210559','Diego Mendes','2000-9-15',NULL,1893);
INSERT INTO EMPREGADO VALUES('210560','Caio Souza','2017-6-20',NULL,1682);
INSERT INTO EMPREGADO VALUES('210561','Ana Carolina Moura','2014-8-7',NULL,1798);
INSERT INTO EMPREGADO VALUES('210562','Dr. Carlos Eduardo Nunes','2000-8-12',NULL,2278);
INSERT INTO EMPREGADO VALUES('210563','Lorena Cardoso','2006-5-1',NULL,2195);
INSERT INTO EMPREGADO VALUES('210564','Alice da Conceição','2010-8-14',NULL,1966);
INSERT INTO EMPREGADO VALUES('210565','Dr. João Miguel Oliveira','2008-8-24',NULL,1672);
INSERT INTO EMPREGADO VALUES('210566','Sra. Ana Carolina das Neves','2014-8-1',NULL,2028);
INSERT INTO EMPREGADO VALUES('210567','Raquel das Neves','2005-2-16',NULL,1983);
INSERT INTO EMPREGADO VALUES('210568','Eloah da Rocha','2013-5-12',NULL,2024);
INSERT INTO EMPREGADO VALUES('210569','Pietro da Cunha','2010-5-25',NULL,2012);
INSERT INTO EMPREGADO VALUES('210570','Ana Vitória Mendes','2002-1-26',NULL,1760);
INSERT INTO EMPREGADO VALUES('210571','Dr. Yuri Oliveira','2014-9-22',NULL,1505);
INSERT INTO EMPREGADO VALUES('210572','Thiago Cardoso','2008-2-27',NULL,2330);
INSERT INTO EMPREGADO VALUES('210573','Vitor Gabriel da Conceição','2014-5-2',NULL,1530);
INSERT INTO EMPREGADO VALUES('210574','Sabrina Santos','2010-5-22',NULL,2405);
INSERT INTO EMPREGADO VALUES('210575','Evelyn Peixoto','2006-2-1',NULL,2223);
INSERT INTO EMPREGADO VALUES('210576','Augusto Azevedo','2010-8-28',NULL,1519);
INSERT INTO EMPREGADO VALUES('210577','Ana Beatriz Rocha','2010-7-21',NULL,1945);
INSERT INTO EMPREGADO VALUES('210578','Laura Costa','2003-5-23',NULL,2344);
INSERT INTO EMPREGADO VALUES('210579','João Miguel Pinto','2006-9-1',NULL,2113);
INSERT INTO EMPREGADO VALUES('210580','Raul Farias','2010-6-27',NULL,1762);
INSERT INTO EMPREGADO VALUES('210581','Dr. Lucca Fernandes','2000-8-4',NULL,1871);
INSERT INTO EMPREGADO VALUES('210582','Matheus Viana','2000-10-9',NULL,2494);
INSERT INTO EMPREGADO VALUES('210583','Srta. Raquel da Paz','2017-6-4',NULL,2188);
INSERT INTO EMPREGADO VALUES('210584','Maria Clara Duarte','2016-2-17',NULL,1840);
INSERT INTO EMPREGADO VALUES('210585','Carlos Eduardo Nogueira','2014-7-18',NULL,1708);
INSERT INTO EMPREGADO VALUES('210586','Vitor Hugo Teixeira','2004-5-5',NULL,1599);
INSERT INTO EMPREGADO VALUES('210587','Julia Martins','2006-5-4',NULL,1982);
INSERT INTO EMPREGADO VALUES('210588','Joaquim Correia','2006-1-15',NULL,1949);
INSERT INTO EMPREGADO VALUES('210589','Dra. Natália da Mata','2012-5-1',NULL,1534);
INSERT INTO EMPREGADO VALUES('210590','Luiza Rodrigues','2009-6-19','2019-1-18',1962);
INSERT INTO EMPREGADO VALUES('210591','Milena Fernandes','2002-1-23',NULL,2304);
INSERT INTO EMPREGADO VALUES('210592','Marcos Vinicius Alves','2005-10-10',NULL,1758);
INSERT INTO EMPREGADO VALUES('210593','Danilo Barros','2003-11-2',NULL,1513);
INSERT INTO EMPREGADO VALUES('210594','João Costela','2014-3-11',NULL,2221);
INSERT INTO EMPREGADO VALUES('210595','Dr. Davi Ramos','2000-3-28',NULL,2045);
INSERT INTO EMPREGADO VALUES('210596','Enzo Gabriel Dias','2018-11-19',NULL,2108);
INSERT INTO EMPREGADO VALUES('210597','Maria Cavalcanti','2017-5-13',NULL,2168);
INSERT INTO EMPREGADO VALUES('210598','Sr. Vinicius Moreira','2016-4-19',NULL,1611);
INSERT INTO EMPREGADO VALUES('210599','Samuel Melo','2015-4-20',NULL,1519);
INSERT INTO EMPREGADO VALUES('210600','Laís Almeida','2019-11-1',NULL,2362);
INSERT INTO EMPREGADO VALUES('210601','Ana Farias','2017-8-23',NULL,2207);
INSERT INTO EMPREGADO VALUES('210602','Ryan da Paz','2011-5-24',NULL,2307);
INSERT INTO EMPREGADO VALUES('210603','Luna Novaes','2003-2-8',NULL,2199);
INSERT INTO EMPREGADO VALUES('210604','Helena Cavalcanti','2001-4-9',NULL,1893);
INSERT INTO EMPREGADO VALUES('210605','Isaac Novaes','2009-11-6',NULL,1621);
INSERT INTO EMPREGADO VALUES('210606','Ana Vitória da Mota','2012-4-23',NULL,2115);
INSERT INTO EMPREGADO VALUES('210607','Larissa Fogaça','2011-8-18',NULL,1781);
INSERT INTO EMPREGADO VALUES('210608','Dr. Lucca Rezende','2000-4-9',NULL,1915);
INSERT INTO EMPREGADO VALUES('210609','Helena Farias','2012-8-26',NULL,2413);
INSERT INTO EMPREGADO VALUES('210610','Pedro Henrique Viana','2016-6-23',NULL,1982);
INSERT INTO EMPREGADO VALUES('210611','Sr. Erick Jesus','2009-4-12',NULL,2490);
INSERT INTO EMPREGADO VALUES('210612','Maria Julia Correia','2016-8-10',NULL,1897);
INSERT INTO EMPREGADO VALUES('210613','Camila Mendes','2004-6-3',NULL,2261);
INSERT INTO EMPREGADO VALUES('210614','Manuela Campos','2017-3-25',NULL,1918);
INSERT INTO EMPREGADO VALUES('210615','Pedro Nascimento','2012-9-17',NULL,2089);
INSERT INTO EMPREGADO VALUES('210616','Srta. Luana Silva','2015-4-13',NULL,1946);
INSERT INTO EMPREGADO VALUES('210617','Catarina Viana','2000-8-22',NULL,1918);
INSERT INTO EMPREGADO VALUES('210618','Sr. Leandro Barros','2011-6-23',NULL,1820);
INSERT INTO EMPREGADO VALUES('210619','Sr. Davi Lucas Cavalcanti','2019-4-9',NULL,2323);
INSERT INTO EMPREGADO VALUES('210620','Beatriz Rodrigues','2014-9-19',NULL,2185);
INSERT INTO EMPREGADO VALUES('210621','Luiz Miguel da Rocha','2001-10-9',NULL,1555);
INSERT INTO EMPREGADO VALUES('210622','Sr. Anthony Mendes','2014-4-22',NULL,1992);
INSERT INTO EMPREGADO VALUES('210623','Dr. Erick Nogueira','2011-9-9',NULL,2015);
INSERT INTO EMPREGADO VALUES('210624','Sofia da Costa','2003-5-19',NULL,2463);
INSERT INTO EMPREGADO VALUES('210625','Guilherme Peixoto','2003-5-1',NULL,1520);
INSERT INTO EMPREGADO VALUES('210626','Daniela Fernandes','2008-9-11',NULL,1760);
INSERT INTO EMPREGADO VALUES('210627','Sophia Rodrigues','2016-12-22',NULL,2208);
INSERT INTO EMPREGADO VALUES('210628','Bernardo Castro','2006-11-25','2016-11-25',1891);
INSERT INTO EMPREGADO VALUES('210629','Dr. Enrico Almeida','2004-4-12',NULL,2127);
INSERT INTO EMPREGADO VALUES('210630','Lavínia Melo','2017-6-14',NULL,2074);
INSERT INTO EMPREGADO VALUES('210631','João Silva','2013-3-27',NULL,2473);
INSERT INTO EMPREGADO VALUES('210632','Manuela Mendes','2005-12-15',NULL,2005);
INSERT INTO EMPREGADO VALUES('210633','Bárbara Alves','2000-10-27',NULL,2401);
INSERT INTO EMPREGADO VALUES('210634','Danilo Pereira','2009-6-28',NULL,1767);
INSERT INTO EMPREGADO VALUES('210635','Ana Carolina Freitas','2002-5-20',NULL,2277);
INSERT INTO EMPREGADO VALUES('210636','Francisco da Paz','2016-5-15',NULL,1569);
INSERT INTO EMPREGADO VALUES('210637','Ana Júlia Carvalho','2012-6-17',NULL,1776);
INSERT INTO EMPREGADO VALUES('210638','Ana Laura Alves','2003-6-25',NULL,1954);
INSERT INTO EMPREGADO VALUES('210639','Davi Lucas da Mata','2001-6-27',NULL,2236);
INSERT INTO EMPREGADO VALUES('210640','Antônio Cunha','2011-11-10',NULL,1812);
INSERT INTO EMPREGADO VALUES('210641','Dr. Luiz Otávio Nunes','2012-11-14',NULL,2121);
INSERT INTO EMPREGADO VALUES('210642','Daniel Duarte','2016-1-15',NULL,1576);
INSERT INTO EMPREGADO VALUES('210643','Igor Pires','2001-10-25',NULL,1855);
INSERT INTO EMPREGADO VALUES('210644','Breno Gomes','2015-11-29',NULL,1974);
INSERT INTO EMPREGADO VALUES('210645','Alice da Cruz','2000-11-24',NULL,1691);
INSERT INTO EMPREGADO VALUES('210646','Theo Nogueira','2003-4-8',NULL,2249);
INSERT INTO EMPREGADO VALUES('210647','Dra. Elisa Fernandes','2014-12-23',NULL,1834);
INSERT INTO EMPREGADO VALUES('210648','Vitor Gabriel Gomes','2012-7-14',NULL,1638);
INSERT INTO EMPREGADO VALUES('210649','Srta. Ana Clara Lima','2012-3-26',NULL,2324);
INSERT INTO EMPREGADO VALUES('210650','Catarina Jesus','2019-1-29',NULL,1870);
INSERT INTO EMPREGADO VALUES('210651','Stella Nogueira','2011-1-11',NULL,2073);
INSERT INTO EMPREGADO VALUES('210652','Juan Campos','2004-11-16',NULL,1868);
INSERT INTO EMPREGADO VALUES('210653','Julia Jesus','2009-5-3',NULL,2326);
INSERT INTO EMPREGADO VALUES('210654','Emanuel Mendes','2000-7-13',NULL,1606);
INSERT INTO EMPREGADO VALUES('210655','Julia Moreira','2010-8-7',NULL,1840);
INSERT INTO EMPREGADO VALUES('210656','Evelyn Ribeiro','2007-12-12',NULL,1735);
INSERT INTO EMPREGADO VALUES('210657','Sr. João Guilherme Costela','2003-6-7',NULL,2397);
INSERT INTO EMPREGADO VALUES('210658','Juliana Oliveira','2012-2-27',NULL,1726);
INSERT INTO EMPREGADO VALUES('210659','Gabrielly Santos','2009-8-6',NULL,1573);
INSERT INTO EMPREGADO VALUES('210660','Elisa Caldeira','2016-7-3',NULL,1944);
INSERT INTO EMPREGADO VALUES('210661','Maria Cecília Sales','2006-10-3',NULL,1982);
INSERT INTO EMPREGADO VALUES('210662','Benício Duarte','2000-1-27',NULL,2482);
INSERT INTO EMPREGADO VALUES('210663','Stephany da Rosa','2008-6-14',NULL,1593);
INSERT INTO EMPREGADO VALUES('210664','Isabella Carvalho','2004-12-8',NULL,1728);
INSERT INTO EMPREGADO VALUES('210665','Letícia Mendes','2000-7-16',NULL,1653);
INSERT INTO EMPREGADO VALUES('210666','Dr. Pietro Peixoto','2003-4-16',NULL,1661);
INSERT INTO EMPREGADO VALUES('210667','Bernardo Pereira','2018-9-10',NULL,2486);
INSERT INTO EMPREGADO VALUES('210668','Sra. Vitória Farias','2004-6-12',NULL,2392);
INSERT INTO EMPREGADO VALUES('210669','Srta. Eloah Rodrigues','2018-9-18',NULL,2425);
INSERT INTO EMPREGADO VALUES('210670','Ana Lívia Carvalho','2001-11-21',NULL,1808);
INSERT INTO EMPREGADO VALUES('210671','Joaquim Nogueira','2010-4-8',NULL,2220);
INSERT INTO EMPREGADO VALUES('210672','João Almeida','2003-5-19',NULL,1751);
INSERT INTO EMPREGADO VALUES('210673','João Vitor da Conceição','2012-6-24',NULL,2210);
INSERT INTO EMPREGADO VALUES('210674','Luiz Otávio Vieira','2014-6-19',NULL,1816);
INSERT INTO EMPREGADO VALUES('210675','Sra. Nicole Moreira','2012-11-7',NULL,2074);
INSERT INTO EMPREGADO VALUES('210676','Dr. Thales Aragão','2009-11-25',NULL,2048);
INSERT INTO EMPREGADO VALUES('210677','Alice Alves','2004-11-15',NULL,2422);
INSERT INTO EMPREGADO VALUES('210678','Sr. Luiz Fernando Gomes','2006-3-24',NULL,2215);
INSERT INTO EMPREGADO VALUES('210679','Ana Vitória Melo','2000-2-8',NULL,2233);
INSERT INTO EMPREGADO VALUES('210680','Rafaela Fogaça','2016-4-5',NULL,1891);
INSERT INTO EMPREGADO VALUES('210681','Raquel Nunes','2008-1-7',NULL,1922);
INSERT INTO EMPREGADO VALUES('210682','Benjamin Araújo','2002-11-8',NULL,1932);
INSERT INTO EMPREGADO VALUES('210683','Sra. Maysa Castro','2001-8-18',NULL,1723);
INSERT INTO EMPREGADO VALUES('210684','Sabrina Ramos','2008-11-4',NULL,1624);
INSERT INTO EMPREGADO VALUES('210685','Cecília Fogaça','2010-2-26',NULL,2183);
INSERT INTO EMPREGADO VALUES('210686','Dra. Ana Luiza Costela','2019-10-21',NULL,1815);
INSERT INTO EMPREGADO VALUES('210687','Ana Júlia Barros','2003-10-21',NULL,2378);
INSERT INTO EMPREGADO VALUES('210688','Levi Nogueira','2008-8-18',NULL,2166);
INSERT INTO EMPREGADO VALUES('210689','André Gonçalves','2019-6-6',NULL,2247);
INSERT INTO EMPREGADO VALUES('210690','Daniela Moraes','2003-9-23',NULL,1851);
INSERT INTO EMPREGADO VALUES('210691','Nicolas Novaes','2013-4-1',NULL,2472);
INSERT INTO EMPREGADO VALUES('210692','Kamilly Rodrigues','2007-8-28',NULL,1722);
INSERT INTO EMPREGADO VALUES('210693','Dr. Bryan Correia','2014-5-1',NULL,2132);
INSERT INTO EMPREGADO VALUES('210694','Dra. Maria Luiza Cardoso','2004-4-10',NULL,2446);
INSERT INTO EMPREGADO VALUES('210695','Dr. Lucas da Mata','2005-1-21',NULL,1886);
INSERT INTO EMPREGADO VALUES('210696','Ana Vitória Porto','2019-4-12',NULL,1845);
INSERT INTO EMPREGADO VALUES('210697','Guilherme da Mata','2005-8-29',NULL,2074);
INSERT INTO EMPREGADO VALUES('210698','Srta. Rebeca Carvalho','2004-11-14',NULL,1836);
INSERT INTO EMPREGADO VALUES('210699','Ana Laura Castro','2004-5-10',NULL,2042);
INSERT INTO EMPREGADO VALUES('210700','Gustavo Melo','2009-5-25','2019-5-25',2171);
--Usuários
INSERT INTO USUARIO VALUES('luigicampos@pucpr.br', 0,'e10adc3949ba59abbe56e057f20f883e','210501');
INSERT INTO USUARIO VALUES('marcelaferreira@pucpr.br', 0,'e10adc3949ba59abbe56e057f20f883e','210502');
INSERT INTO USUARIO VALUES('joananascimento@pucpr.br', 0,'e10adc3949ba59abbe56e057f20f883e','210503');
INSERT INTO USUARIO VALUES('nicolemartins@pucpr.br', 0,'e10adc3949ba59abbe56e057f20f883e','210504');
INSERT INTO USUARIO VALUES('pedrolucascarvalho@pucpr.br', 0,'e10adc3949ba59abbe56e057f20f883e','210505');
INSERT INTO USUARIO VALUES('eduardocavalcanti@pucpr.br', 0,'e10adc3949ba59abbe56e057f20f883e','210506');
INSERT INTO USUARIO VALUES('manuelamelo@pucpr.br', 0,'e10adc3949ba59abbe56e057f20f883e','210507');
INSERT INTO USUARIO VALUES('luanasilva@pucpr.br', 0,'e10adc3949ba59abbe56e057f20f883e','210508');
INSERT INTO USUARIO VALUES('pauloribeiro@pucpr.br', 0,'e10adc3949ba59abbe56e057f20f883e','210509');
INSERT INTO USUARIO VALUES('biancalopes@pucpr.br', 0,'e10adc3949ba59abbe56e057f20f883e','210510');
INSERT INTO USUARIO VALUES('caionunes@pucpr.br', 0,'e10adc3949ba59abbe56e057f20f883e','210511');
INSERT INTO USUARIO VALUES('marinagomes@pucpr.br', 0,'e10adc3949ba59abbe56e057f20f883e','210512');
INSERT INTO USUARIO VALUES('rafaelamoraes@pucpr.br', 0,'e10adc3949ba59abbe56e057f20f883e','210513');
INSERT INTO USUARIO VALUES('srta.yasmincostela@pucpr.br', 0,'e10adc3949ba59abbe56e057f20f883e','210514');
INSERT INTO USUARIO VALUES('davilucasgomes@pucpr.br', 0,'e10adc3949ba59abbe56e057f20f883e','210515');
INSERT INTO USUARIO VALUES('joaquimcarvalho@pucpr.br', 0,'e10adc3949ba59abbe56e057f20f883e','210516');
INSERT INTO USUARIO VALUES('dra.biancaviana@pucpr.br', 0,'e10adc3949ba59abbe56e057f20f883e','210517');
INSERT INTO USUARIO VALUES('matheusbarros@pucpr.br', 0,'e10adc3949ba59abbe56e057f20f883e','210518');
INSERT INTO USUARIO VALUES('luizhenriqueferreira@pucpr.br', 0,'e10adc3949ba59abbe56e057f20f883e','210519');
INSERT INTO USUARIO VALUES('marianedacosta@pucpr.br', 0,'e10adc3949ba59abbe56e057f20f883e','210520');
INSERT INTO USUARIO VALUES('bryandarocha@pucpr.br', 0,'e10adc3949ba59abbe56e057f20f883e','210521');
INSERT INTO USUARIO VALUES('gabrielacostela@pucpr.br', 0,'e10adc3949ba59abbe56e057f20f883e','210522');
INSERT INTO USUARIO VALUES('biancaalves@pucpr.br', 0,'e10adc3949ba59abbe56e057f20f883e','210523');
INSERT INTO USUARIO VALUES('brunamartins@pucpr.br', 0,'e10adc3949ba59abbe56e057f20f883e','210524');
INSERT INTO USUARIO VALUES('elisacosta@pucpr.br', 0,'e10adc3949ba59abbe56e057f20f883e','210525');
INSERT INTO USUARIO VALUES('eloahvieira@pucpr.br', 0,'e10adc3949ba59abbe56e057f20f883e','210526');
INSERT INTO USUARIO VALUES('alanapereira@pucpr.br', 0,'e10adc3949ba59abbe56e057f20f883e','210527');
INSERT INTO USUARIO VALUES('fernandodacosta@pucpr.br', 0,'e10adc3949ba59abbe56e057f20f883e','210528');
INSERT INTO USUARIO VALUES('isadorasilva@pucpr.br', 0,'e10adc3949ba59abbe56e057f20f883e','210529');
INSERT INTO USUARIO VALUES('antôniodacosta@pucpr.br', 0,'e10adc3949ba59abbe56e057f20f883e','210530');
INSERT INTO USUARIO VALUES('clarasales@pucpr.br', 0,'e10adc3949ba59abbe56e057f20f883e','210531');
INSERT INTO USUARIO VALUES('kamillydacunha@pucpr.br', 0,'e10adc3949ba59abbe56e057f20f883e','210532');
INSERT INTO USUARIO VALUES('enzogabrielcosta@pucpr.br', 0,'e10adc3949ba59abbe56e057f20f883e','210533');
INSERT INTO USUARIO VALUES('samuelmartins@pucpr.br', 0,'e10adc3949ba59abbe56e057f20f883e','210534');
INSERT INTO USUARIO VALUES('anacarolinaalmeida@pucpr.br', 0,'e10adc3949ba59abbe56e057f20f883e','210535');
INSERT INTO USUARIO VALUES('augustonascimento@pucpr.br', 0,'e10adc3949ba59abbe56e057f20f883e','210536');
INSERT INTO USUARIO VALUES('dr.isaacalves@pucpr.br', 0,'e10adc3949ba59abbe56e057f20f883e','210537');
INSERT INTO USUARIO VALUES('joaquimdamota@pucpr.br', 0,'e10adc3949ba59abbe56e057f20f883e','210538');
INSERT INTO USUARIO VALUES('isadoramoreira@pucpr.br', 0,'e10adc3949ba59abbe56e057f20f883e','210539');
INSERT INTO USUARIO VALUES('laracampos@pucpr.br', 0,'e10adc3949ba59abbe56e057f20f883e','210540');
INSERT INTO USUARIO VALUES('raullima@pucpr.br', 0,'e10adc3949ba59abbe56e057f20f883e','210541');
INSERT INTO USUARIO VALUES('sarahcosta@pucpr.br', 0,'e10adc3949ba59abbe56e057f20f883e','210542');
INSERT INTO USUARIO VALUES('mariafernandacaldeira@pucpr.br', 0,'e10adc3949ba59abbe56e057f20f883e','210543');
INSERT INTO USUARIO VALUES('rafaelalopes@pucpr.br', 0,'e10adc3949ba59abbe56e057f20f883e','210544');
INSERT INTO USUARIO VALUES('gustavohenriquesilveira@pucpr.br', 0,'e10adc3949ba59abbe56e057f20f883e','210545');
INSERT INTO USUARIO VALUES('benjamincaldeira@pucpr.br', 0,'e10adc3949ba59abbe56e057f20f883e','210546');
INSERT INTO USUARIO VALUES('theomoreira@pucpr.br', 0,'e10adc3949ba59abbe56e057f20f883e','210547');
INSERT INTO USUARIO VALUES('benícioramos@pucpr.br', 0,'e10adc3949ba59abbe56e057f20f883e','210548');
INSERT INTO USUARIO VALUES('emillycunha@pucpr.br', 0,'e10adc3949ba59abbe56e057f20f883e','210549');
INSERT INTO USUARIO VALUES('mariacecíliacarvalho@pucpr.br', 0,'e10adc3949ba59abbe56e057f20f883e','210550');
INSERT INTO USUARIO VALUES('kaiqueazevedo@pucpr.br', 0,'e10adc3949ba59abbe56e057f20f883e','210551');
INSERT INTO USUARIO VALUES('thomasdasneves@pucpr.br', 0,'e10adc3949ba59abbe56e057f20f883e','210552');
INSERT INTO USUARIO VALUES('emanuellyaragão@pucpr.br', 0,'e10adc3949ba59abbe56e057f20f883e','210553');
INSERT INTO USUARIO VALUES('henriquefarias@pucpr.br', 0,'e10adc3949ba59abbe56e057f20f883e','210554');
INSERT INTO USUARIO VALUES('joãoteixeira@pucpr.br', 0,'e10adc3949ba59abbe56e057f20f883e','210555');
INSERT INTO USUARIO VALUES('murilocosta@pucpr.br', 0,'e10adc3949ba59abbe56e057f20f883e','210556');
INSERT INTO USUARIO VALUES('dra.anacarolinadamata@pucpr.br', 0,'e10adc3949ba59abbe56e057f20f883e','210557');
INSERT INTO USUARIO VALUES('pietraaraújo@pucpr.br', 0,'e10adc3949ba59abbe56e057f20f883e','210558');
INSERT INTO USUARIO VALUES('diegomendes@pucpr.br', 0,'e10adc3949ba59abbe56e057f20f883e','210559');
INSERT INTO USUARIO VALUES('caiosouza@pucpr.br', 0,'e10adc3949ba59abbe56e057f20f883e','210560');
INSERT INTO USUARIO VALUES('anacarolinamoura@pucpr.br', 0,'e10adc3949ba59abbe56e057f20f883e','210561');
INSERT INTO USUARIO VALUES('dr.carloseduardonunes@pucpr.br', 0,'e10adc3949ba59abbe56e057f20f883e','210562');
INSERT INTO USUARIO VALUES('lorenacardoso@pucpr.br', 0,'e10adc3949ba59abbe56e057f20f883e','210563');
INSERT INTO USUARIO VALUES('alicedaconceição@pucpr.br', 0,'e10adc3949ba59abbe56e057f20f883e','210564');
INSERT INTO USUARIO VALUES('dr.joãomigueloliveira@pucpr.br', 0,'e10adc3949ba59abbe56e057f20f883e','210565');
INSERT INTO USUARIO VALUES('sra.anacarolinadasneves@pucpr.br', 0,'e10adc3949ba59abbe56e057f20f883e','210566');
INSERT INTO USUARIO VALUES('raqueldasneves@pucpr.br', 0,'e10adc3949ba59abbe56e057f20f883e','210567');
INSERT INTO USUARIO VALUES('eloahdarocha@pucpr.br', 0,'e10adc3949ba59abbe56e057f20f883e','210568');
INSERT INTO USUARIO VALUES('pietrodacunha@pucpr.br', 0,'e10adc3949ba59abbe56e057f20f883e','210569');
INSERT INTO USUARIO VALUES('anavitóriamendes@pucpr.br', 0,'e10adc3949ba59abbe56e057f20f883e','210570');
INSERT INTO USUARIO VALUES('dr.yurioliveira@pucpr.br', 0,'e10adc3949ba59abbe56e057f20f883e','210571');
INSERT INTO USUARIO VALUES('thiagocardoso@pucpr.br', 0,'e10adc3949ba59abbe56e057f20f883e','210572');
INSERT INTO USUARIO VALUES('vitorgabrieldaconceição@pucpr.br', 0,'e10adc3949ba59abbe56e057f20f883e','210573');
INSERT INTO USUARIO VALUES('sabrinasantos@pucpr.br', 0,'e10adc3949ba59abbe56e057f20f883e','210574');
INSERT INTO USUARIO VALUES('evelynpeixoto@pucpr.br', 0,'e10adc3949ba59abbe56e057f20f883e','210575');
INSERT INTO USUARIO VALUES('augustoazevedo@pucpr.br', 0,'e10adc3949ba59abbe56e057f20f883e','210576');
INSERT INTO USUARIO VALUES('anabeatrizrocha@pucpr.br', 0,'e10adc3949ba59abbe56e057f20f883e','210577');
INSERT INTO USUARIO VALUES('lauracosta@pucpr.br', 0,'e10adc3949ba59abbe56e057f20f883e','210578');
INSERT INTO USUARIO VALUES('joãomiguelpinto@pucpr.br', 0,'e10adc3949ba59abbe56e057f20f883e','210579');
INSERT INTO USUARIO VALUES('raulfarias@pucpr.br', 0,'e10adc3949ba59abbe56e057f20f883e','210580');
INSERT INTO USUARIO VALUES('dr.luccafernandes@pucpr.br', 0,'e10adc3949ba59abbe56e057f20f883e','210581');
INSERT INTO USUARIO VALUES('matheusviana@pucpr.br', 0,'e10adc3949ba59abbe56e057f20f883e','210582');
INSERT INTO USUARIO VALUES('srta.raqueldapaz@pucpr.br', 0,'e10adc3949ba59abbe56e057f20f883e','210583');
INSERT INTO USUARIO VALUES('mariaclaraduarte@pucpr.br', 0,'e10adc3949ba59abbe56e057f20f883e','210584');
INSERT INTO USUARIO VALUES('carloseduardonogueira@pucpr.br', 0,'e10adc3949ba59abbe56e057f20f883e','210585');
INSERT INTO USUARIO VALUES('vitorhugoteixeira@pucpr.br', 0,'e10adc3949ba59abbe56e057f20f883e','210586');
INSERT INTO USUARIO VALUES('juliamartins@pucpr.br', 0,'e10adc3949ba59abbe56e057f20f883e','210587');
INSERT INTO USUARIO VALUES('joaquimcorreia@pucpr.br', 0,'e10adc3949ba59abbe56e057f20f883e','210588');
INSERT INTO USUARIO VALUES('dra.natáliadamata@pucpr.br', 0,'e10adc3949ba59abbe56e057f20f883e','210589');
INSERT INTO USUARIO VALUES('luizarodrigues@pucpr.br', 0,'e10adc3949ba59abbe56e057f20f883e','210590');
INSERT INTO USUARIO VALUES('milenafernandes@pucpr.br', 0,'e10adc3949ba59abbe56e057f20f883e','210591');
INSERT INTO USUARIO VALUES('marcosviniciusalves@pucpr.br', 0,'e10adc3949ba59abbe56e057f20f883e','210592');
INSERT INTO USUARIO VALUES('danilobarros@pucpr.br', 0,'e10adc3949ba59abbe56e057f20f883e','210593');
INSERT INTO USUARIO VALUES('joãocostela@pucpr.br', 0,'e10adc3949ba59abbe56e057f20f883e','210594');
INSERT INTO USUARIO VALUES('dr.daviramos@pucpr.br', 0,'e10adc3949ba59abbe56e057f20f883e','210595');
INSERT INTO USUARIO VALUES('enzogabrieldias@pucpr.br', 0,'e10adc3949ba59abbe56e057f20f883e','210596');
INSERT INTO USUARIO VALUES('mariacavalcanti@pucpr.br', 0,'e10adc3949ba59abbe56e057f20f883e','210597');
INSERT INTO USUARIO VALUES('sr.viniciusmoreira@pucpr.br', 0,'e10adc3949ba59abbe56e057f20f883e','210598');
INSERT INTO USUARIO VALUES('samuelmelo@pucpr.br', 0,'e10adc3949ba59abbe56e057f20f883e','210599');
INSERT INTO USUARIO VALUES('laísalmeida@pucpr.br', 0,'e10adc3949ba59abbe56e057f20f883e','210600');
INSERT INTO USUARIO VALUES('anafarias@pucpr.br', 0,'e10adc3949ba59abbe56e057f20f883e','210601');
INSERT INTO USUARIO VALUES('ryandapaz@pucpr.br', 0,'e10adc3949ba59abbe56e057f20f883e','210602');
INSERT INTO USUARIO VALUES('lunanovaes@pucpr.br', 0,'e10adc3949ba59abbe56e057f20f883e','210603');
INSERT INTO USUARIO VALUES('helenacavalcanti@pucpr.br', 0,'e10adc3949ba59abbe56e057f20f883e','210604');
INSERT INTO USUARIO VALUES('isaacnovaes@pucpr.br', 0,'e10adc3949ba59abbe56e057f20f883e','210605');
INSERT INTO USUARIO VALUES('anavitóriadamota@pucpr.br', 0,'e10adc3949ba59abbe56e057f20f883e','210606');
INSERT INTO USUARIO VALUES('larissafogaça@pucpr.br', 0,'e10adc3949ba59abbe56e057f20f883e','210607');
INSERT INTO USUARIO VALUES('dr.luccarezende@pucpr.br', 0,'e10adc3949ba59abbe56e057f20f883e','210608');
INSERT INTO USUARIO VALUES('helenafarias@pucpr.br', 0,'e10adc3949ba59abbe56e057f20f883e','210609');
INSERT INTO USUARIO VALUES('pedrohenriqueviana@pucpr.br', 0,'e10adc3949ba59abbe56e057f20f883e','210610');
INSERT INTO USUARIO VALUES('sr.erickjesus@pucpr.br', 0,'e10adc3949ba59abbe56e057f20f883e','210611');
INSERT INTO USUARIO VALUES('mariajuliacorreia@pucpr.br', 0,'e10adc3949ba59abbe56e057f20f883e','210612');
INSERT INTO USUARIO VALUES('camilamendes@pucpr.br', 0,'e10adc3949ba59abbe56e057f20f883e','210613');
INSERT INTO USUARIO VALUES('manuelacampos@pucpr.br', 0,'e10adc3949ba59abbe56e057f20f883e','210614');
INSERT INTO USUARIO VALUES('pedronascimento@pucpr.br', 0,'e10adc3949ba59abbe56e057f20f883e','210615');
INSERT INTO USUARIO VALUES('srta.luanasilva@pucpr.br', 0,'e10adc3949ba59abbe56e057f20f883e','210616');
INSERT INTO USUARIO VALUES('catarinaviana@pucpr.br', 0,'e10adc3949ba59abbe56e057f20f883e','210617');
INSERT INTO USUARIO VALUES('sr.leandrobarros@pucpr.br', 0,'e10adc3949ba59abbe56e057f20f883e','210618');
INSERT INTO USUARIO VALUES('sr.davilucascavalcanti@pucpr.br', 0,'e10adc3949ba59abbe56e057f20f883e','210619');
INSERT INTO USUARIO VALUES('beatrizrodrigues@pucpr.br', 0,'e10adc3949ba59abbe56e057f20f883e','210620');
INSERT INTO USUARIO VALUES('luizmigueldarocha@pucpr.br', 0,'e10adc3949ba59abbe56e057f20f883e','210621');
INSERT INTO USUARIO VALUES('sr.anthonymendes@pucpr.br', 0,'e10adc3949ba59abbe56e057f20f883e','210622');
INSERT INTO USUARIO VALUES('dr.ericknogueira@pucpr.br', 0,'e10adc3949ba59abbe56e057f20f883e','210623');
INSERT INTO USUARIO VALUES('sofiadacosta@pucpr.br', 0,'e10adc3949ba59abbe56e057f20f883e','210624');
INSERT INTO USUARIO VALUES('guilhermepeixoto@pucpr.br', 0,'e10adc3949ba59abbe56e057f20f883e','210625');
INSERT INTO USUARIO VALUES('danielafernandes@pucpr.br', 0,'e10adc3949ba59abbe56e057f20f883e','210626');
INSERT INTO USUARIO VALUES('sophiarodrigues@pucpr.br', 0,'e10adc3949ba59abbe56e057f20f883e','210627');
INSERT INTO USUARIO VALUES('bernardocastro@pucpr.br', 0,'e10adc3949ba59abbe56e057f20f883e','210628');
INSERT INTO USUARIO VALUES('dr.enricoalmeida@pucpr.br', 0,'e10adc3949ba59abbe56e057f20f883e','210629');
INSERT INTO USUARIO VALUES('lavíniamelo@pucpr.br', 0,'e10adc3949ba59abbe56e057f20f883e','210630');
INSERT INTO USUARIO VALUES('joãosilva@pucpr.br', 0,'e10adc3949ba59abbe56e057f20f883e','210631');
INSERT INTO USUARIO VALUES('manuelamendes@pucpr.br', 0,'e10adc3949ba59abbe56e057f20f883e','210632');
INSERT INTO USUARIO VALUES('bárbaraalves@pucpr.br', 0,'e10adc3949ba59abbe56e057f20f883e','210633');
INSERT INTO USUARIO VALUES('danilopereira@pucpr.br', 0,'e10adc3949ba59abbe56e057f20f883e','210634');
INSERT INTO USUARIO VALUES('anacarolinafreitas@pucpr.br', 0,'e10adc3949ba59abbe56e057f20f883e','210635');
INSERT INTO USUARIO VALUES('franciscodapaz@pucpr.br', 0,'e10adc3949ba59abbe56e057f20f883e','210636');
INSERT INTO USUARIO VALUES('anajúliacarvalho@pucpr.br', 0,'e10adc3949ba59abbe56e057f20f883e','210637');
INSERT INTO USUARIO VALUES('analauraalves@pucpr.br', 0,'e10adc3949ba59abbe56e057f20f883e','210638');
INSERT INTO USUARIO VALUES('davilucasdamata@pucpr.br', 0,'e10adc3949ba59abbe56e057f20f883e','210639');
INSERT INTO USUARIO VALUES('antôniocunha@pucpr.br', 0,'e10adc3949ba59abbe56e057f20f883e','210640');
INSERT INTO USUARIO VALUES('dr.luizotávionunes@pucpr.br', 0,'e10adc3949ba59abbe56e057f20f883e','210641');
INSERT INTO USUARIO VALUES('danielduarte@pucpr.br', 0,'e10adc3949ba59abbe56e057f20f883e','210642');
INSERT INTO USUARIO VALUES('igorpires@pucpr.br', 0,'e10adc3949ba59abbe56e057f20f883e','210643');
INSERT INTO USUARIO VALUES('brenogomes@pucpr.br', 0,'e10adc3949ba59abbe56e057f20f883e','210644');
INSERT INTO USUARIO VALUES('alicedacruz@pucpr.br', 0,'e10adc3949ba59abbe56e057f20f883e','210645');
INSERT INTO USUARIO VALUES('theonogueira@pucpr.br', 0,'e10adc3949ba59abbe56e057f20f883e','210646');
INSERT INTO USUARIO VALUES('dra.elisafernandes@pucpr.br', 0,'e10adc3949ba59abbe56e057f20f883e','210647');
INSERT INTO USUARIO VALUES('vitorgabrielgomes@pucpr.br', 0,'e10adc3949ba59abbe56e057f20f883e','210648');
INSERT INTO USUARIO VALUES('srta.anaclaralima@pucpr.br', 0,'e10adc3949ba59abbe56e057f20f883e','210649');
INSERT INTO USUARIO VALUES('catarinajesus@pucpr.br', 0,'e10adc3949ba59abbe56e057f20f883e','210650');
INSERT INTO USUARIO VALUES('stellanogueira@pucpr.br', 0,'e10adc3949ba59abbe56e057f20f883e','210651');
INSERT INTO USUARIO VALUES('juancampos@pucpr.br', 0,'e10adc3949ba59abbe56e057f20f883e','210652');
INSERT INTO USUARIO VALUES('juliajesus@pucpr.br', 0,'e10adc3949ba59abbe56e057f20f883e','210653');
INSERT INTO USUARIO VALUES('emanuelmendes@pucpr.br', 0,'e10adc3949ba59abbe56e057f20f883e','210654');
INSERT INTO USUARIO VALUES('juliamoreira@pucpr.br', 0,'e10adc3949ba59abbe56e057f20f883e','210655');
INSERT INTO USUARIO VALUES('evelynribeiro@pucpr.br', 0,'e10adc3949ba59abbe56e057f20f883e','210656');
INSERT INTO USUARIO VALUES('sr.joãoguilhermecostela@pucpr.br', 0,'e10adc3949ba59abbe56e057f20f883e','210657');
INSERT INTO USUARIO VALUES('julianaoliveira@pucpr.br', 0,'e10adc3949ba59abbe56e057f20f883e','210658');
INSERT INTO USUARIO VALUES('gabriellysantos@pucpr.br', 0,'e10adc3949ba59abbe56e057f20f883e','210659');
INSERT INTO USUARIO VALUES('elisacaldeira@pucpr.br', 0,'e10adc3949ba59abbe56e057f20f883e','210660');
INSERT INTO USUARIO VALUES('mariacecíliasales@pucpr.br', 0,'e10adc3949ba59abbe56e057f20f883e','210661');
INSERT INTO USUARIO VALUES('benícioduarte@pucpr.br', 0,'e10adc3949ba59abbe56e057f20f883e','210662');
INSERT INTO USUARIO VALUES('stephanydarosa@pucpr.br', 0,'e10adc3949ba59abbe56e057f20f883e','210663');
INSERT INTO USUARIO VALUES('isabellacarvalho@pucpr.br', 0,'e10adc3949ba59abbe56e057f20f883e','210664');
INSERT INTO USUARIO VALUES('letíciamendes@pucpr.br', 0,'e10adc3949ba59abbe56e057f20f883e','210665');
INSERT INTO USUARIO VALUES('dr.pietropeixoto@pucpr.br', 0,'e10adc3949ba59abbe56e057f20f883e','210666');
INSERT INTO USUARIO VALUES('bernardopereira@pucpr.br', 0,'e10adc3949ba59abbe56e057f20f883e','210667');
INSERT INTO USUARIO VALUES('sra.vitóriafarias@pucpr.br', 0,'e10adc3949ba59abbe56e057f20f883e','210668');
INSERT INTO USUARIO VALUES('srta.eloahrodrigues@pucpr.br', 0,'e10adc3949ba59abbe56e057f20f883e','210669');
INSERT INTO USUARIO VALUES('analíviacarvalho@pucpr.br', 0,'e10adc3949ba59abbe56e057f20f883e','210670');
INSERT INTO USUARIO VALUES('joaquimnogueira@pucpr.br', 0,'e10adc3949ba59abbe56e057f20f883e','210671');
INSERT INTO USUARIO VALUES('joãoalmeida@pucpr.br', 0,'e10adc3949ba59abbe56e057f20f883e','210672');
INSERT INTO USUARIO VALUES('joãovitordaconceição@pucpr.br', 0,'e10adc3949ba59abbe56e057f20f883e','210673');
INSERT INTO USUARIO VALUES('luizotáviovieira@pucpr.br', 0,'e10adc3949ba59abbe56e057f20f883e','210674');
INSERT INTO USUARIO VALUES('sra.nicolemoreira@pucpr.br', 0,'e10adc3949ba59abbe56e057f20f883e','210675');
INSERT INTO USUARIO VALUES('dr.thalesaragão@pucpr.br', 0,'e10adc3949ba59abbe56e057f20f883e','210676');
INSERT INTO USUARIO VALUES('alicealves@pucpr.br', 0,'e10adc3949ba59abbe56e057f20f883e','210677');
INSERT INTO USUARIO VALUES('sr.luizfernandogomes@pucpr.br', 0,'e10adc3949ba59abbe56e057f20f883e','210678');
INSERT INTO USUARIO VALUES('anavitóriamelo@pucpr.br', 0,'e10adc3949ba59abbe56e057f20f883e','210679');
INSERT INTO USUARIO VALUES('rafaelafogaça@pucpr.br', 0,'e10adc3949ba59abbe56e057f20f883e','210680');
INSERT INTO USUARIO VALUES('raquelnunes@pucpr.br', 0,'e10adc3949ba59abbe56e057f20f883e','210681');
INSERT INTO USUARIO VALUES('benjaminaraújo@pucpr.br', 0,'e10adc3949ba59abbe56e057f20f883e','210682');
INSERT INTO USUARIO VALUES('sra.maysacastro@pucpr.br', 0,'e10adc3949ba59abbe56e057f20f883e','210683');
INSERT INTO USUARIO VALUES('sabrinaramos@pucpr.br', 0,'e10adc3949ba59abbe56e057f20f883e','210684');
INSERT INTO USUARIO VALUES('cecíliafogaça@pucpr.br', 0,'e10adc3949ba59abbe56e057f20f883e','210685');
INSERT INTO USUARIO VALUES('dra.analuizacostela@pucpr.br', 0,'e10adc3949ba59abbe56e057f20f883e','210686');
INSERT INTO USUARIO VALUES('anajúliabarros@pucpr.br', 0,'e10adc3949ba59abbe56e057f20f883e','210687');
INSERT INTO USUARIO VALUES('levinogueira@pucpr.br', 0,'e10adc3949ba59abbe56e057f20f883e','210688');
INSERT INTO USUARIO VALUES('andrégonçalves@pucpr.br', 0,'e10adc3949ba59abbe56e057f20f883e','210689');
INSERT INTO USUARIO VALUES('danielamoraes@pucpr.br', 0,'e10adc3949ba59abbe56e057f20f883e','210690');
INSERT INTO USUARIO VALUES('nicolasnovaes@pucpr.br', 0,'e10adc3949ba59abbe56e057f20f883e','210691');
INSERT INTO USUARIO VALUES('kamillyrodrigues@pucpr.br', 0,'e10adc3949ba59abbe56e057f20f883e','210692');
INSERT INTO USUARIO VALUES('dr.bryancorreia@pucpr.br', 0,'e10adc3949ba59abbe56e057f20f883e','210693');
INSERT INTO USUARIO VALUES('dra.marialuizacardoso@pucpr.br', 0,'e10adc3949ba59abbe56e057f20f883e','210694');
INSERT INTO USUARIO VALUES('dr.lucasdamata@pucpr.br', 0,'e10adc3949ba59abbe56e057f20f883e','210695');
INSERT INTO USUARIO VALUES('anavitóriaporto@pucpr.br', 0,'e10adc3949ba59abbe56e057f20f883e','210696');
INSERT INTO USUARIO VALUES('guilhermedamata@pucpr.br', 0,'e10adc3949ba59abbe56e057f20f883e','210697');
INSERT INTO USUARIO VALUES('srta.rebecacarvalho@pucpr.br', 0,'e10adc3949ba59abbe56e057f20f883e','210698');
INSERT INTO USUARIO VALUES('analauracastro@pucpr.br', 0,'e10adc3949ba59abbe56e057f20f883e','210699');
INSERT INTO USUARIO VALUES('gustavomelo@pucpr.br', 0,'e10adc3949ba59abbe56e057f20f883e','210700');
INSERT INTO USUARIO VALUES('sisfin', 1,'e10adc3949ba59abbe56e057f20f883e',NULL);
INSERT INTO USUARIO VALUES('admin', 2,'e10adc3949ba59abbe56e057f20f883e',NULL);
--Solicitações
INSERT INTO SOLICITACAO VALUES(1001,'2020-10-15','Licença Médica',2,'210523');
INSERT INTO SOLICITACAO VALUES(1002,'2019-05-08','Licença Médica',1,'210524');
INSERT INTO SOLICITACAO VALUES(1003,'2019-03-01','Licença Médica',1,'210525');
INSERT INTO SOLICITACAO VALUES(1004,'2019-10-05','Licença Médica',0,'210526');
INSERT INTO SOLICITACAO VALUES(1005,'2019-04-10','Licença Médica',1,'210527');
INSERT INTO SOLICITACAO VALUES(1006,'2019-03-06','Licença Médica',1,'210528');
INSERT INTO SOLICITACAO VALUES(1007,'2019-09-23','Licença Médica',1,'210529');
INSERT INTO SOLICITACAO VALUES(1008,'2018-05-19','Licença Médica',2,'210530');
INSERT INTO SOLICITACAO VALUES(1009,'2020-06-26','Licença Médica',2,'210531');
INSERT INTO SOLICITACAO VALUES(1010,'2019-06-21','Licença Médica',0,'210532');
INSERT INTO SOLICITACAO VALUES(1011,'2018-05-20','Licença Médica',0,'210533');
INSERT INTO SOLICITACAO VALUES(1012,'2018-08-11','Licença Médica',1,'210534');
INSERT INTO SOLICITACAO VALUES(1013,'2018-02-15','Licença Médica',1,'210535');
INSERT INTO SOLICITACAO VALUES(1014,'2020-02-16','Licença Médica',0,'210536');
INSERT INTO SOLICITACAO VALUES(1015,'2019-10-15','Licença Médica',1,'210537');
INSERT INTO SOLICITACAO VALUES(1016,'2018-10-18','Licença Médica',1,'210538');
INSERT INTO SOLICITACAO VALUES(1017,'2018-03-17','Licença Prêmio',0,'210539');
INSERT INTO SOLICITACAO VALUES(1018,'2019-10-10','Licença Prêmio',2,'210540');
INSERT INTO SOLICITACAO VALUES(1019,'2019-05-24','Licença Prêmio',2,'210541');
INSERT INTO SOLICITACAO VALUES(1020,'2018-09-13','Licença Prêmio',1,'210542');
INSERT INTO SOLICITACAO VALUES(1021,'2019-07-09','Licença Prêmio',1,'210543');
INSERT INTO SOLICITACAO VALUES(1022,'2019-01-05','Licença Prêmio',1,'210544');
INSERT INTO SOLICITACAO VALUES(1023,'2020-05-09','Licença Prêmio',2,'210545');
INSERT INTO SOLICITACAO VALUES(1024,'2018-02-20','Licença Prêmio',2,'210546');
INSERT INTO SOLICITACAO VALUES(1025,'2018-09-09','Licença Prêmio',2,'210547');
INSERT INTO SOLICITACAO VALUES(1026,'2018-04-26','Licença Prêmio',0,'210548');
INSERT INTO SOLICITACAO VALUES(1027,'2018-04-27','Licença Prêmio',0,'210549');
INSERT INTO SOLICITACAO VALUES(1028,'2019-01-25','Licença Prêmio',1,'210550');
INSERT INTO SOLICITACAO VALUES(1029,'2018-09-07','Licença Prêmio',0,'210551');
INSERT INTO SOLICITACAO VALUES(1030,'2020-07-27','Férias',1,'210552');
INSERT INTO SOLICITACAO VALUES(1031,'2018-01-08','Férias',1,'210553');
INSERT INTO SOLICITACAO VALUES(1032,'2019-03-20','Férias',0,'210554');
INSERT INTO SOLICITACAO VALUES(1033,'2019-05-08','Férias',0,'210555');
INSERT INTO SOLICITACAO VALUES(1034,'2019-07-25','Férias',1,'210556');
INSERT INTO SOLICITACAO VALUES(1035,'2018-03-07','Férias',0,'210557');
INSERT INTO SOLICITACAO VALUES(1036,'2018-06-14','Férias',2,'210558');
INSERT INTO SOLICITACAO VALUES(1037,'2018-09-22','Férias',1,'210559');
INSERT INTO SOLICITACAO VALUES(1038,'2018-10-22','Férias',2,'210560');
INSERT INTO SOLICITACAO VALUES(1039,'2019-05-24','Férias',1,'210561');
INSERT INTO SOLICITACAO VALUES(1040,'2019-08-24','Férias',0,'210562');
INSERT INTO SOLICITACAO VALUES(1041,'2020-02-20','Férias',1,'210563');
INSERT INTO SOLICITACAO VALUES(1042,'2019-05-08','Férias',1,'210564');
INSERT INTO SOLICITACAO VALUES(1043,'2018-10-13','Férias',1,'210565');
INSERT INTO SOLICITACAO VALUES(1044,'2018-10-18','Férias',2,'210566');
INSERT INTO SOLICITACAO VALUES(1045,'2018-05-26','Férias',2,'210567');
INSERT INTO SOLICITACAO VALUES(1046,'2019-11-08','Férias',1,'210568');
INSERT INTO SOLICITACAO VALUES(1047,'2020-06-16','Férias',1,'210569');
INSERT INTO SOLICITACAO VALUES(1048,'2019-10-10','Férias',2,'210570');
INSERT INTO SOLICITACAO VALUES(1049,'2020-10-16','Férias',2,'210571');
INSERT INTO SOLICITACAO VALUES(1050,'2020-03-02','Férias',1,'210572');